{
  "pais": "Portugal",
  "total_distritos": 18,
  "total_municipios": 308,
  "distritos": [
    {
      "nome": "Aveiro",
      "codigo": "01",
      "municipios": [
        "Águeda",
        "Albergaria-a-Velha",
        "Anadia",
        "Arouca",
        "Aveiro",
        "Castelo de Paiva",
        "Espinho",
        "Estarreja",
        "Ílhavo",
        "Mealhada",
        "Murtosa",
        "Oliveira de Azeméis",
        "Oliveira do Bairro",
        "Ovar",
        "Santa Maria da Feira",
        "São João da Madeira",
        "Sever do Vouga",
        "Vagos",
        "Vale de Cambra"
      ]
    },
    {
      "nome": "Beja",
      "codigo": "02",
      "municipios": [
        "Aljustrel",
        "Almodôvar",
        "Alvito",
        "Barrancos",
        "Beja",
        "Castro Verde",
        "Cuba",
        "Ferreira do Alentejo",
        "Mértola",
        "Moura",
        "Odemira",
        "Ourique",
        "Serpa",
        "Vidigueira"
      ]
    },
    {
      "nome": "Braga",
      "codigo": "03",
      "municipios": [
        "Amares",
        "Barcelos",
        "Braga",
        "Cabeceiras de Basto",
        "Celorico de Basto",
        "Esposende",
        "Fafe",
        "Guimarães",
        "Póvoa de Lanhoso",
        "Terras de Bouro",
        "Vieira do Minho",
        "Vila Nova de Famalicão",
        "Vila Verde",
        "Vizela"
      ]
    },
    {
      "nome": "Bragança",
      "codigo": "04",
      "municipios": [
        "Alfândega da Fé",
        "Bragança",
        "Carrazeda de Ansiães",
        "Freixo de Espada à Cinta",
        "Macedo de Cavaleiros",
        "Miranda do Douro",
        "Mirandela",
        "Mogadouro",
        "Torre de Moncorvo",
        "Vila Flor",
        "Vimioso",
        "Vinhais"
      ]
    },
    {
      "nome": "Castelo Branco",
      "codigo": "05",
      "municipios": [
        "Belmonte",
        "Castelo Branco",
        "Covilhã",
        "Fundão",
        "Idanha-a-Nova",
        "Oleiros",
        "Penamacor",
        "Proença-a-Nova",
        "Sertã",
        "Vila de Rei",
        "Vila Velha de Ródão"
      ]
    },
    {
      "nome": "Coimbra",
      "codigo": "06",
      "municipios": [
        "Arganil",
        "Cantanhede",
        "Coimbra",
        "Condeixa-a-Nova",
        "Figueira da Foz",
        "Góis",
        "Lousã",
        "Mira",
        "Miranda do Corvo",
        "Montemor-o-Velho",
        "Oliveira do Hospital",
        "Pampilhosa da Serra",
        "Penacova",
        "Penela",
        "Soure",
        "Tábua",
        "Vila Nova de Poiares"
      ]
    },
    {
      "nome": "Évora",
      "codigo": "07",
      "municipios": [
        "Alandroal",
        "Arraiolos",
        "Borba",
        "Estremoz",
        "Évora",
        "Montemor-o-Novo",
        "Mora",
        "Mourão",
        "Portel",
        "Redondo",
        "Reguengos de Monsaraz",
        "Vendas Novas",
        "Viana do Alentejo",
        "Vila Viçosa"
      ]
    },
    {
      "nome": "Faro",
      "codigo": "08",
      "municipios": [
        "Albufeira",
        "Alcoutim",
        "Aljezur",
        "Castro Marim",
        "Faro",
        "Lagoa",
        "Lagos",
        "Loulé",
        "Monchique",
        "Olhão",
        "Portimão",
        "São Brás de Alportel",
        "Silves",
        "Tavira",
        "Vila do Bispo",
        "Vila Real de Santo António"
      ]
    },
    {
      "nome": "Guarda",
      "codigo": "09",
      "municipios": [
        "Aguiar da Beira",
        "Almeida",
        "Celorico da Beira",
        "Figueira de Castelo Rodrigo",
        "Fornos de Algodres",
        "Gouveia",
        "Guarda",
        "Manteigas",
        "Mêda",
        "Pinhel",
        "Sabugal",
        "Seia",
        "Trancoso",
        "Vila Nova de Foz Côa"
      ]
    },
    {
      "nome": "Leiria",
      "codigo": "10",
      "municipios": [
        "Alcobaça",
        "Alvaiázere",
        "Ansião",
        "Batalha",
        "Bombarral",
        "Caldas da Rainha",
        "Castanheira de Pêra",
        "Figueiró dos Vinhos",
        "Leiria",
        "Marinha Grande",
        "Nazaré",
        "Óbidos",
        "Pedrógão Grande",
        "Peniche",
        "Pombal",
        "Porto de Mós"
      ]
    },
    {
      "nome": "Lisboa",
      "codigo": "11",
      "municipios": [
        "Alenquer",
        "Amadora",
        "Arruda dos Vinhos",
        "Azambuja",
        "Cadaval",
        "Cascais",
        "Lisboa",
        "Loures",
        "Lourinhã",
        "Mafra",
        "Odivelas",
        "Oeiras",
        "Sintra",
        "Sobral de Monte Agraço",
        "Torres Vedras",
        "Vila Franca de Xira"
      ]
    },
    {
      "nome": "Portalegre",
      "codigo": "12",
      "municipios": [
        "Alter do Chão",
        "Arronches",
        "Avis",
        "Campo Maior",
        "Castelo de Vide",
        "Crato",
        "Elvas",
        "Fronteira",
        "Gavião",
        "Marvão",
        "Monforte",
        "Nisa",
        "Ponte de Sor",
        "Portalegre",
        "Sousel"
      ]
    },
    {
      "nome": "Porto",
      "codigo": "13",
      "municipios": [
        "Amarante",
        "Baião",
        "Felgueiras",
        "Gondomar",
        "Lousada",
        "Maia",
        "Marco de Canaveses",
        "Matosinhos",
        "Paços de Ferreira",
        "Paredes",
        "Penafiel",
        "Porto",
        "Póvoa de Varzim",
        "Santo Tirso",
        "Valongo",
        "Vila do Conde",
        "Vila Nova de Gaia",
        "Trofa"
      ]
    },
    {
      "nome": "Santarém",
      "codigo": "14",
      "municipios": [
        "Abrantes",
        "Alcanena",
        "Almeirim",
        "Alpiarça",
        "Benavente",
        "Cartaxo",
        "Chamusca",
        "Constância",
        "Coruche",
        "Entroncamento",
        "Ferreira do Zêzere",
        "Golegã",
        "Mação",
        "Rio Maior",
        "Salvaterra de Magos",
        "Santarém",
        "Sardoal",
        "Tomar",
        "Torres Novas",
        "Vila Nova da Barquinha",
        "Ourém"
      ]
    },
    {
      "nome": "Setúbal",
      "codigo": "15",
      "municipios": [
        "Alcácer do Sal",
        "Alcochete",
        "Almada",
        "Barreiro",
        "Grândola",
        "Moita",
        "Montijo",
        "Palmela",
        "Santiago do Cacém",
        "Seixal",
        "Sesimbra",
        "Setúbal",
        "Sines"
      ]
    },
    {
      "nome": "Viana do Castelo",
      "codigo": "16",
      "municipios": [
        "Arcos de Valdevez",
        "Caminha",
        "Melgaço",
        "Monção",
        "Paredes de Coura",
        "Ponte da Barca",
        "Ponte de Lima",
        "Valença",
        "Viana do Castelo",
        "Vila Nova de Cerveira"
      ]
    },
    {
      "nome": "Vila Real",
      "codigo": "17",
      "municipios": [
        "Alijó",
        "Boticas",
        "Chaves",
        "Mesão Frio",
        "Mondim de Basto",
        "Montalegre",
        "Murça",
        "Peso da Régua",
        "Ribeira de Pena",
        "Sabrosa",
        "Santa Marta de Penaguião",
        "Valpaços",
        "Vila Pouca de Aguiar",
        "Vila Real"
      ]
    },
    {
      "nome": "Viseu",
      "codigo": "18",
      "municipios": [
        "Armamar",
        "Carregal do Sal",
        "Castro Daire",
        "Cinfães",
        "Lamego",
        "Mangualde",
        "Moimenta da Beira",
        "Mortágua",
        "Nelas",
        "Oliveira de Frades",
        "Penalva do Castelo",
        "Penedono",
        "Resende",
        "Santa Comba Dão",
        "São João da Pesqueira",
        "São Pedro do Sul",
        "Sátão",
        "Sernancelhe",
        "Tabuaço",
        "Tarouca",
        "Tondela",
        "Vila Nova de Paiva",
        "Viseu",
        "Vouzela"
      ]
    }
  ],
  "regioes_autonomas": [
    {
      "nome": "Região Autónoma dos Açores",
      "municipios": [
        "Angra do Heroísmo",
        "Calheta (São Jorge)",
        "Corvo",
        "Horta",
        "Lagoa (São Miguel)",
        "Lajes das Flores",
        "Lajes do Pico",
        "Madalena",
        "Nordeste",
        "Ponta Delgada",
        "Povoação",
        "Praia da Vitória",
        "Ribeira Grande",
        "Santa Cruz da Graciosa",
        "Santa Cruz das Flores",
        "São Roque do Pico",
        "Velas",
        "Vila do Porto",
        "Vila Franca do Campo"
      ]
    },
    {
      "nome": "Região Autónoma da Madeira",
      "municipios": [
        "Calheta",
        "Câmara de Lobos",
        "Funchal",
        "Machico",
        "Ponta do Sol",
        "Porto Moniz",
        "Porto Santo",
        "Ribeira Brava",
        "Santa Cruz",
        "Santana",
        "São Vicente"
      ]
    }
  ]
}
